ability_id,local_language_id,name
1,1,あくしゅう
1,5,Puanteur
1,6,Duftnote
1,7,Hedor
1,8,Tanfo
1,9,Stench
2,1,あめふらし
2,5,Crachin
2,6,Niesel
2,7,Llovizna
2,8,Piovischio
2,9,Drizzle
3,1,かそく
3,5,Turbo
3,6,Temposchub
3,7,Impulso
3,8,Acceleratore
3,9,Speed Boost
4,1,カブトアーマー
4,5,Armurbaston
4,6,Kampfpanzer
4,7,Armad. Bat.
4,8,Lottascudo
4,9,Battle Armor
5,1,がんじょう
5,5,Fermeté
5,6,Robustheit
5,7,Robustez
5,8,Vigore
5,9,Sturdy
6,1,しめりけ
6,5,Moiteur
6,6,Feuchtigkeit
6,7,Humedad
6,8,Umidità
6,9,Damp
7,1,じゅうなん
7,5,Échauffement
7,6,Flexibilität
7,7,Flexibilidad
7,8,Scioltezza
7,9,Limber
8,1,すながくれ
8,5,Voile Sable
8,6,Sandschleier
8,7,Velo Arena
8,8,Sabbiavelo
8,9,Sand Veil
9,1,せいでんき
9,5,Statik
9,6,Statik
9,7,Elec. Estát.
9,8,Statico
9,9,Static
10,1,ちくでん
10,5,Absorb Volt
10,6,Voltabsorber
10,7,Absor. Elec.
10,8,Assorbivolt
10,9,Volt Absorb
11,1,ちょすい
11,5,Absorb Eau
11,6,H2O-Absorber
11,7,Absor. Agua
11,8,Assorbacqua
11,9,Water Absorb
12,1,どんかん
12,5,Benêt
12,6,Dösigkeit
12,7,Despiste
12,8,Indifferenza
12,9,Oblivious
13,1,ノーてんき
13,5,Ciel Gris
13,6,Wolke Sieben
13,7,Aclimatación
13,8,Antimeteo
13,9,Cloud Nine
14,1,ふくがん
14,5,Œil Composé
14,6,Facettenauge
14,7,Ojocompuesto
14,8,Insettocchi
14,9,Compound Eyes
15,1,ふみん
15,5,Insomnia
15,6,Insomnia
15,7,Insomnio
15,8,Insonnia
15,9,Insomnia
16,1,へんしょく
16,5,Déguisement
16,6,Farbwechsel
16,7,Cambio Color
16,8,Cambiacolore
16,9,Color Change
17,1,めんえき
17,5,Vaccin
17,6,Immunität
17,7,Inmunidad
17,8,Immunità
17,9,Immunity
18,1,もらいび
18,5,Torche
18,6,Feuerfänger
18,7,Absor. Fuego
18,8,Fuocardore
18,9,Flash Fire
19,1,りんぷん
19,5,Écran Poudre
19,6,Puderabwehr
19,7,Polvo Escudo
19,8,Polvoscudo
19,9,Shield Dust
20,1,マイペース
20,5,Tempo Perso
20,6,Tempomacher
20,7,Ritmo Propio
20,8,Mente Locale
20,9,Own Tempo
21,1,きゅうばん
21,5,Ventouse
21,6,Saugnapf
21,7,Ventosas
21,8,Ventose
21,9,Suction Cups
22,1,いかく
22,5,Intimidation
22,6,Bedroher
22,7,Intimidación
22,8,Prepotenza
22,9,Intimidate
23,1,かげふみ
23,5,Marque Ombre
23,6,Wegsperre
23,7,Sombratrampa
23,8,Pedinombra
23,9,Shadow Tag
24,1,さめはだ
24,5,Peau Dure
24,6,Rauhaut
24,7,Piel Tosca
24,8,Cartavetro
24,9,Rough Skin
25,1,ふしぎなまもり
25,5,Garde Mystik
25,6,Wunderwache
25,7,Superguarda
25,8,Magidifesa
25,9,Wonder Guard
26,1,ふゆう
26,5,Lévitation
26,6,Schwebe
26,7,Levitación
26,8,Levitazione
26,9,Levitate
27,1,ほうし
27,5,Pose Spore
27,6,Sporenwirt
27,7,Efec. Espora
27,8,Spargispora
27,9,Effect Spore
28,1,シンクロ
28,5,Synchro
28,6,Synchro
28,7,Sincronía
28,8,Sincronismo
28,9,Synchronize
29,1,クリアボディ
29,5,Corps Sain
29,6,Neutraltorso
29,7,Cuerpo Puro
29,8,Corpochiaro
29,9,Clear Body
30,1,しぜんかいふく
30,5,Médic Nature
30,6,Innere Kraft
30,7,Cura Natural
30,8,Alternacura
30,9,Natural Cure
31,1,ひらいしん
31,5,Paratonnerre
31,6,Blitzfänger
31,7,Pararrayos
31,8,Parafulmine
31,9,Lightning Rod
32,1,てんのめぐみ
32,5,Sérénité
32,6,Edelmut
32,7,Dicha
32,8,Leggiadro
32,9,Serene Grace
33,1,すいすい
33,5,Glissade
33,6,Wassertempo
33,7,Nado Rápido
33,8,Nuotovelox
33,9,Swift Swim
34,1,ようりょくそ
34,5,Chlorophyle
34,6,Chlorophyll
34,7,Clorofila
34,8,Clorofilla
34,9,Chlorophyll
35,1,はっこう
35,5,Lumiatirance
35,6,Erleuchtung
35,7,Iluminación
35,8,Risplendi
35,9,Illuminate
36,1,トレース
36,5,Calque
36,6,Fährte
36,7,Rastro
36,8,Traccia
36,9,Trace
37,1,ちからもち
37,5,Coloforce
37,6,Kraftkoloss
37,7,Potencia
37,8,Macroforza
37,9,Huge Power
38,1,どくのトゲ
38,5,Point Poison
38,6,Giftdorn
38,7,Punto Tóxico
38,8,Velenopunto
38,9,Poison Point
39,1,せいしんりょく
39,5,Attention
39,6,Konzentrator
39,7,Foco Interno
39,8,Fuocodentro
39,9,Inner Focus
40,1,マグマのよろい
40,5,Armumagma
40,6,Magmapanzer
40,7,Escudo Magma
40,8,Magmascudo
40,9,Magma Armor
41,1,みずのベール
41,5,Ignifu-Voile
41,6,Aquahülle
41,7,Velo Agua
41,8,Idrovelo
41,9,Water Veil
42,1,じりょく
42,5,Magnépiège
42,6,Magnetfalle
42,7,Imán
42,8,Magnetismo
42,9,Magnet Pull
43,1,ぼうおん
43,5,Anti-Bruit
43,6,Lärmschutz
43,7,Insonorizar
43,8,Antisuono
43,9,Soundproof
44,1,あめうけざら
44,5,Cuvette
44,6,Regengenuss
44,7,Cura Lluvia
44,8,Copripioggia
44,9,Rain Dish
45,1,すなおこし
45,5,Sable Volant
45,6,Sandsturm
45,7,Chorro Arena
45,8,Sabbiafiume
45,9,Sand Stream
46,1,プレッシャー
46,5,Pression
46,6,Erzwinger
46,7,Presión
46,8,Pressione
46,9,Pressure
47,1,あついしぼう
47,5,Isograisse
47,6,Speckschicht
47,7,Sebo
47,8,Grassospesso
47,9,Thick Fat
48,1,はやおき
48,5,Matinal
48,6,Frühwecker
48,7,Madrugar
48,8,Sveglialampo
48,9,Early Bird
49,1,ほのおのからだ
49,5,Corps Ardent
49,6,Flammkörper
49,7,Cuerpo Llama
49,8,Corpodifuoco
49,9,Flame Body
50,1,にげあし
50,5,Fuite
50,6,Angsthase
50,7,Fuga
50,8,Fugafacile
50,9,Run Away
51,1,するどいめ
51,5,Regard Vif
51,6,Adlerauge
51,7,Vista Lince
51,8,Sguardofermo
51,9,Keen Eye
52,1,かいりきバサミ
52,5,Hyper Cutter
52,6,Scherenmacht
52,7,Corte Fuerte
52,8,Ipertaglio
52,9,Hyper Cutter
53,1,ものひろい
53,5,Ramassage
53,6,Mitnahme
53,7,Recogida
53,8,Raccolta
53,9,Pickup
54,1,なまけ
54,5,Absentéisme
54,6,Schnarchnase
54,7,Ausente
54,8,Pigrone
54,9,Truant
55,1,はりきり
55,5,Agitation
55,6,Übereifer
55,7,Entusiasmo
55,8,Tuttafretta
55,9,Hustle
56,1,メロメロボディ
56,5,Joli Sourire
56,6,Charmebolzen
56,7,Gran Encanto
56,8,Incantevole
56,9,Cute Charm
57,1,プラス
57,5,Plus
57,6,Plus
57,7,Más
57,8,Più
57,9,Plus
58,1,マイナス
58,5,Minus
58,6,Minus
58,7,Menos
58,8,Meno
58,9,Minus
59,1,てんきや
59,5,Météo
59,6,Prognose
59,7,Predicción
59,8,Previsioni
59,9,Forecast
60,1,ねんちゃく
60,5,Glue
60,6,Wertehalter
60,7,Viscosidad
60,8,Antifurto
60,9,Sticky Hold
61,1,だっぴ
61,5,Mue
61,6,Expidermis
61,7,Mudar
61,8,Muta
61,9,Shed Skin
62,1,こんじょう
62,5,Cran
62,6,Adrenalin
62,7,Agallas
62,8,Dentistretti
62,9,Guts
63,1,ふしぎなうろこ
63,5,Écaille Spéciale
63,6,Notschutz
63,7,Escama Esp.
63,8,Pelledura
63,9,Marvel Scale
64,1,ヘドロえき
64,5,Suintement
64,6,Kloakensoße
64,7,Lodo Líquido
64,8,Melma
64,9,Liquid Ooze
65,1,しんりょく
65,5,Engrais
65,6,Notdünger
65,7,Espesura
65,8,Erbaiuto
65,9,Overgrow
66,1,もうか
66,5,Brasier
66,6,Großbrand
66,7,Mar Llamas
66,8,Aiutofuoco
66,9,Blaze
67,1,げきりゅう
67,5,Torrent
67,6,Sturzbach
67,7,Torrente
67,8,Acquaiuto
67,9,Torrent
68,1,むしのしらせ
68,5,Essaim
68,6,Hexaplaga
68,7,Enjambre
68,8,Aiutinsetto
68,9,Swarm
69,1,いしあたま
69,5,Tête de Roc
69,6,Steinhaupt
69,7,Cabeza Roca
69,8,Testadura
69,9,Rock Head
70,1,ひでり
70,5,Sécheresse
70,6,Dürre
70,7,Sequía
70,8,Siccità
70,9,Drought
71,1,ありじごく
71,5,Piège
71,6,Ausweglos
71,7,Trampa Arena
71,8,Trappoarena
71,9,Arena Trap
72,1,やるき
72,5,Esprit Vital
72,6,Munterkeit
72,7,Espír. Vital
72,8,Spiritovivo
72,9,Vital Spirit
73,1,しろいけむり
73,5,Écran Fumée
73,6,Pulverrauch
73,7,Humo Blanco
73,8,Fumochiaro
73,9,White Smoke
74,1,ヨガパワー
74,5,Force Pure
74,6,Mentalkraft
74,7,Energía Pura
74,8,Forzapura
74,9,Pure Power
75,1,シェルアーマー
75,5,Coque Armure
75,6,Panzerhaut
75,7,Caparazón
75,8,Guscioscudo
75,9,Shell Armor
76,1,エアロック
76,5,Air Lock
76,6,Klimaschutz
76,7,Bucle Aire
76,8,Riparo
76,9,Air Lock
77,1,ちどりあし
77,5,Pieds Confus
77,6,Fußangel
77,7,Tumbos
77,8,Intricopiedi
77,9,Tangled Feet
78,1,でんきエンジン
78,5,Motorisé
78,6,Starthilfe
78,7,Electromotor
78,8,Elettrorapid
78,9,Motor Drive
79,1,とうそうしん
79,5,Rivalité
79,6,Rivalität
79,7,Rivalidad
79,8,Antagonismo
79,9,Rivalry
80,1,ふくつのこころ
80,5,Impassible
80,6,Felsenfest
80,7,Impasible
80,8,Cuordeciso
80,9,Steadfast
81,1,ゆきがくれ
81,5,Rideau Neige
81,6,Schneemantel
81,7,Manto Níveo
81,8,Mantelneve
81,9,Snow Cloak
82,1,くいしんぼう
82,5,Gloutonnerie
82,6,Völlerei
82,7,Gula
82,8,Voracità
82,9,Gluttony
83,1,いかりのつぼ
83,5,Colérique
83,6,Kurzschluss
83,7,Irascible
83,8,Grancollera
83,9,Anger Point
84,1,かるわざ
84,5,Délestage
84,6,Entlastung
84,7,Liviano
84,8,Agiltecnica
84,9,Unburden
85,1,たいねつ
85,5,Ignifugé
85,6,Hitzeschutz
85,7,Ignífugo
85,8,Antifuoco
85,9,Heatproof
86,1,たんじゅん
86,5,Simple
86,6,Wankelmut
86,7,Simple
86,8,Disinvoltura
86,9,Simple
87,1,かんそうはだ
87,5,Peau Sèche
87,6,Trockenheit
87,7,Piel Seca
87,8,Pellearsa
87,9,Dry Skin
88,1,ダウンロード
88,5,Télécharge
88,6,Download
88,7,Descarga
88,8,Download
88,9,Download
89,1,てつのこぶし
89,5,Poing de Fer
89,6,Eisenfaust
89,7,Puño Férreo
89,8,Ferropugno
89,9,Iron Fist
90,1,ポイズンヒール
90,5,Soin Poison
90,6,Aufheber
90,7,Antídoto
90,8,Velencura
90,9,Poison Heal
91,1,てきおうりょく
91,5,Adaptabilité
91,6,Anpassung
91,7,Adaptable
91,8,Adattabilità
91,9,Adaptability
92,1,スキルリンク
92,5,Multi-Coups
92,6,Wertelink
92,7,Encadenado
92,8,Abillegame
92,9,Skill Link
93,1,うるおいボディ
93,5,Hydratation
93,6,Hydration
93,7,Hidratación
93,8,Idratazione
93,9,Hydration
94,1,サンパワー
94,5,Force Soleil
94,6,Solarkraft
94,7,Poder Solar
94,8,Solarpotere
94,9,Solar Power
95,1,はやあし
95,5,Pied Véloce
95,6,Rasanz
95,7,Pies Rápidos
95,8,Piedisvelti
95,9,Quick Feet
96,1,ノーマルスキン
96,5,Normalise
96,6,Regulierung
96,7,Normalidad
96,8,Normalità
96,9,Normalize
97,1,スナイパー
97,5,Sniper
97,6,Superschütze
97,7,Francotirad.
97,8,Cecchino
97,9,Sniper
98,1,マジックガード
98,5,Garde Magik
98,6,Magieschild
98,7,Muro Mágico
98,8,Magicscudo
98,9,Magic Guard
99,1,ノーガード
99,5,Annule Garde
99,6,Schildlos
99,7,Indefenso
99,8,Nullodifesa
99,9,No Guard
100,1,あとだし
100,5,Frein
100,6,Zeitspiel
100,7,Rezagado
100,8,Rallentatore
100,9,Stall
101,1,テクニシャン
101,5,Technicien
101,6,Techniker
101,7,Experto
101,8,Tecnico
101,9,Technician
102,1,リーフガード
102,5,Feuille Garde
102,6,Floraschild
102,7,Defensa Hoja
102,8,Fogliamanto
102,9,Leaf Guard
103,1,ぶきよう
103,5,Maladresse
103,6,Tollpatsch
103,7,Zoquete
103,8,Impaccio
103,9,Klutz
104,1,かたやぶり
104,5,Brise Moule
104,6,Überbrückung
104,7,Rompemoldes
104,8,Rompiforma
104,9,Mold Breaker
105,1,きょううん
105,5,Chanceux
105,6,Glückspilz
105,7,Afortunado
105,8,Supersorte
105,9,Super Luck
106,1,ゆうばく
106,5,Boom Final
106,6,Finalschlag
106,7,Resquicio
106,8,Scoppio
106,9,Aftermath
107,1,きけんよち
107,5,Anticipation
107,6,Vorahnung
107,7,Anticipación
107,8,Presagio
107,9,Anticipation
108,1,よちむ
108,5,Prédiction
108,6,Vorwarnung
108,7,Alerta
108,8,Premonizione
108,9,Forewarn
109,1,てんねん
109,5,Inconscient
109,6,Unkenntnis
109,7,Ignorante
109,8,Imprudenza
109,9,Unaware
110,1,いろめがね
110,5,Lentiteintée
110,6,Aufwertung
110,7,Cromolente
110,8,Lentifumé
110,9,Tinted Lens
111,1,フィルター
111,5,Filtre
111,6,Filter
111,7,Filtro
111,8,Filtro
111,9,Filter
112,1,スロースタート
112,5,Début Calme
112,6,Saumselig
112,7,Inicio Lento
112,8,Lentoinizio
112,9,Slow Start
113,1,きもったま
113,5,Querelleur
113,6,Rauflust
113,7,Intrépido
113,8,Nervisaldi
113,9,Scrappy
114,1,よびみず
114,5,Lavabo
114,6,Sturmsog
114,7,Colector
114,8,Acquascolo
114,9,Storm Drain
115,1,アイスボディ
115,5,Corps Gel
115,6,Eishaut
115,7,Gélido
115,8,Corpogelo
115,9,Ice Body
116,1,ハードロック
116,5,Solide Roc
116,6,Felskern
116,7,Roca Sólida
116,8,Solidroccia
116,9,Solid Rock
117,1,ゆきふらし
117,5,Alerte Neige
117,6,Hagelalarm
117,7,Nevada
117,8,Scendineve
117,9,Snow Warning
118,1,みつあつめ
118,5,Cherche Miel
118,6,Honigmaul
118,7,Recogemiel
118,8,Mielincetta
118,9,Honey Gather
119,1,おみとおし
119,5,Fouille
119,6,Schnüffler
119,7,Cacheo
119,8,Indagine
119,9,Frisk
120,1,すてみ
120,5,Téméraire
120,6,Achtlos
120,7,Audaz
120,8,Temerarietà
120,9,Reckless
121,1,マルチタイプ
121,5,Multi-Type
121,6,Variabilität
121,7,Multitipo
121,8,Multitipo
121,9,Multitype
122,1,フラワーギフト
122,5,Don Floral
122,6,Pflanzengabe
122,7,Don Floral
122,8,Regalfiore
122,9,Flower Gift
123,1,ナイトメア
123,5,Mauvais Rêve
123,6,Alptraum
123,7,Mal Sueño
123,8,Sogniamari
123,9,Bad Dreams
124,1,わるいてぐせ
124,5,Pickpocket
124,6,Langfinger
124,7,Hurto
124,8,Arraffalesto
124,9,Pickpocket
125,1,ちからずく
125,5,Sans Limite
125,6,Rohe Gewalt
125,7,Pot. Bruta
125,8,Forzabruta
125,9,Sheer Force
126,1,あまのじゃく
126,5,Contestation
126,6,Umkehrung
126,7,Respondón
126,8,Inversione
126,9,Contrary
127,1,きんちょうかん
127,5,Tension
127,6,Anspannung
127,7,Nerviosismo
127,8,Agitazione
127,9,Unnerve
128,1,まけんき
128,5,Acharné
128,6,Siegeswille
128,7,Competitivo
128,8,Agonismo
128,9,Defiant
129,1,よわき
129,5,Défaitiste
129,6,Schwächling
129,7,Flaqueza
129,8,Sconforto
129,9,Defeatist
130,1,のろわれボディ
130,5,Corps Maudit
130,6,Tastfluch
130,7,Cue. Maldito
130,8,Corpofunesto
130,9,Cursed Body
131,1,いやしのこころ
131,5,Cœur Soin
131,6,Heilherz
131,7,Alma Cura
131,8,Curacuore
131,9,Healer
132,1,フレンドガード
132,5,Garde Amie
132,6,Freundeshut
132,7,Compiescolta
132,8,Amicoscudo
132,9,Friend Guard
133,1,くだけるよろい
133,5,Armurouillée
133,6,Bruchrüstung
133,7,Arm. Frágil
133,8,Sottilguscio
133,9,Weak Armor
134,1,ヘヴィメタル
134,5,Heavy Metal
134,6,Schwermetall
134,7,Met. Pesado
134,8,Metalpesante
134,9,Heavy Metal
135,1,ライトメタル
135,5,Light Metal
135,6,Leichtmetall
135,7,Met. Liviano
135,8,Metalleggero
135,9,Light Metal
136,1,マルチスケイル
136,5,Multiécaille
136,6,Multischuppe
136,7,Compensación
136,8,Multisquame
136,9,Multiscale
137,1,どくぼうそう
137,5,Rage Poison
137,6,Giftwahn
137,7,Ím. Tóxico
137,8,Velenimpeto
137,9,Toxic Boost
138,1,ねつぼうそう
138,5,Rage Brûlure
138,6,Hitzewahn
138,7,Ím. Ardiente
138,8,Bruciaimpeto
138,9,Flare Boost
139,1,しゅうかく
139,5,Récolte
139,6,Reiche Ernte
139,7,Cosecha
139,8,Coglibacche
139,9,Harvest
140,1,テレパシー
140,5,Télépathe
140,6,Telepathie
140,7,Telepatía
140,8,Telepatia
140,9,Telepathy
141,1,ムラっけ
141,5,Lunatique
141,6,Gefühlswippe
141,7,Veleta
141,8,Altalena
141,9,Moody
142,1,ぼうじん
142,5,Envelocape
142,6,Wetterfest
142,7,Funda
142,8,Copricapo
142,9,Overcoat
143,1,どくしゅ
143,5,Toxitouche
143,6,Giftgriff
143,7,Toque Tóxico
143,8,Velentocco
143,9,Poison Touch
144,1,さいせいりょく
144,5,Régé-Force
144,6,Belebekraft
144,7,Regeneración
144,8,Rigenergia
144,9,Regenerator
145,1,はとむね
145,5,Cœur de Coq
145,6,Brustbieter
145,7,Sacapecho
145,8,Pettinfuori
145,9,Big Pecks
146,1,すなかき
146,5,Baigne Sable
146,6,Sandscharrer
146,7,Ímpetu Arena
146,8,Remasabbia
146,9,Sand Rush
147,1,ミラクルスキン
147,5,Peau Miracle
147,6,Wunderhaut
147,7,Piel Milagro
147,8,Splendicute
147,9,Wonder Skin
148,1,アナライズ
148,5,Analyste
148,6,Analyse
148,7,Cálc. Final
148,8,Ponderazione
148,9,Analytic
149,1,イリュージョン
149,5,Illusion
149,6,Trugbild
149,7,Ilusión
149,8,Illusione
149,9,Illusion
150,1,かわりもの
150,5,Imposteur
150,6,Doppelgänger
150,7,Impostor
150,8,Sosia
150,9,Imposter
151,1,すりぬけ
151,5,Infiltration
151,6,Schwebedurch
151,7,Allanamiento
151,8,Intrapasso
151,9,Infiltrator
152,1,ミイラ
152,5,Momie
152,6,Mumie
152,7,Momia
152,8,Mummia
152,9,Mummy
153,1,じしんかじょう
153,5,Impudence
153,6,Hochmut
153,7,Autoestima
153,8,Arroganza
153,9,Moxie
154,1,せいぎのこころ
154,5,Cœur Noble
154,6,Redlichkeit
154,7,Justiciero
154,8,Giustizia
154,9,Justified
155,1,びびり
155,5,Phobique
155,6,Hasenfuß
155,7,Cobardía
155,8,Paura
155,9,Rattled
156,1,マジックミラー
156,5,Miroir Magik
156,6,Magiespiegel
156,7,Espejomágico
156,8,Magispecchio
156,9,Magic Bounce
157,1,そうしょく
157,5,Herbivore
157,6,Vegetarier
157,7,Herbívoro
157,8,Mangiaerba
157,9,Sap Sipper
158,1,いたずらごころ
158,5,Farceur
158,6,Strolch
158,7,Bromista
158,8,Burla
158,9,Prankster
159,1,すなのちから
159,5,Force Sable
159,6,Sandgewalt
159,7,Poder Arena
159,8,Silicoforza
159,9,Sand Force
160,1,てつのトゲ
160,5,Épine de Fer
160,6,Eisenstachel
160,7,Punta Acero
160,8,Spineferrate
160,9,Iron Barbs
161,1,ダルマモード
161,5,Mode Transe
161,6,Trance-Modus
161,7,Modo Daruma
161,8,Stato Zen
161,9,Zen Mode
162,1,しょうりのほし
162,5,Victorieux
162,6,Triumphstern
162,7,Tinovictoria
162,8,Vittorstella
162,9,Victory Star
163,1,ターボブレイズ
163,5,TurboBrasier
163,6,Turbobrand
163,7,Turbollama
163,8,Piroturbina
163,9,Turboblaze
164,1,テラボルテージ
164,5,Téra-Voltage
164,6,Teravolt
164,7,Terravoltaje
164,8,Teravolt
164,9,Teravolt
165,5,Aroma-Voile
165,8,Aromavelo
165,9,Aroma Veil
166,1,フラワーベール
166,5,Flora-Voile
166,8,Fiorvelo
166,9,Flower Veil
167,1,ほおぶくろ
167,5,Bajoues
167,8,Guancegonfie
167,9,Cheek Pouch
168,1,へんげんじざい
168,5,Protéen
168,8,Mutatipo
168,9,Protean
169,1,ファーコート
169,5,Toison Épaisse
169,8,Foltopelo
169,9,Fur Coat
170,1,マジシャン
170,5,Magicien
170,8,Prestigiatore
170,9,Magician
171,1,ぼうだん
171,5,Pare-Balles
171,8,Antiproiettile
171,9,Bulletproof
172,5,Battant
172,8,Tenacia
172,9,Competitive
173,1,がんじょうあご
173,5,Prognathe
173,8,Ferromascella
173,9,Strong Jaw
174,1,フリーズスキン
174,5,Peau Gelée
174,8,Pellegelo
174,9,Refrigerate
175,1,スイートベール
175,5,Gluco-Voile
175,8,Dolcevelo
175,9,Sweet Veil
176,5,Déclic Tactique
176,8,Accendilotta
176,9,Stance Change
177,5,Ailes Bourrasque
177,8,Aliraffica
177,9,Gale Wings
178,1,メガランチャー
178,5,Méga Blaster
178,8,Megalancio
178,9,Mega Launcher
179,5,Toison Herbue
179,8,Peloderba
179,9,Grass Pelt
180,5,Symbiose
180,8,Simbiosi
180,9,Symbiosis
181,1,かたいツメ
181,5,Griffe Dure
181,8,Unghiedure
181,9,Tough Claws
182,1,フェアリースキン
182,5,Peau Féérique
182,8,Pellefolletto
182,9,Pixilate
183,1,ぬめぬめ
183,5,Poisseux
183,8,Viscosità
183,9,Gooey
184,1,おやこあい
184,5,Amour Filial
184,8,Amorefiliale
184,9,Parental Bond
185,5,Peau Céleste
185,8,Pellecielo
185,9,Aerilate
186,1,ダークオーラ
186,5,Aura Ténébreuse
186,8,Auratetra
186,9,Dark Aura
187,5,Aura Féérique
187,8,Aurafolletto
187,9,Fairy Aura
188,5,Aura Inversée
188,8,Fragiaura
188,9,Aura Break
10001,9,Mountaineer
10002,9,Wave Rider
10003,9,Skater
10004,9,Thrust
10005,9,Perception
10006,9,Parry
10007,9,Instinct
10008,9,Dodge
10009,9,Jagged Edge
10010,9,Frostbite
10011,9,Tenacity
10012,9,Pride
10013,9,Deep Sleep
10014,9,Power Nap
10015,9,Spirit
10016,9,Warm Blanket
10017,9,Gulp
10018,9,Herbivore
10019,9,Sandpit
10020,9,Hot Blooded
10021,9,Medic
10022,9,Life Force
10023,9,Lunchbox
10024,9,Nurse
10025,9,Melee
10026,9,Sponge
10027,9,Bodyguard
10028,9,Hero
10029,9,Last Bastion
10030,9,Stealth
10031,9,Vanguard
10032,9,Nomad
10033,9,Sequence
10034,9,Grass Cloak
10035,9,Celebrate
10036,9,Lullaby
10037,9,Calming
10038,9,Daze
10039,9,Frighten
10040,9,Interference
10041,9,Mood Maker
10042,9,Confidence
10043,9,Fortune
10044,9,Bonanza
10045,9,Explode
10046,9,Omnipotent
10047,9,Share
10048,9,Black Hole
10049,9,Shadow Dash
10050,9,Sprint
10051,9,Disgust
10052,9,High-rise
10053,9,Climber
10054,9,Flame Boost
10055,9,Aqua Boost
10056,9,Run Up
10057,9,Conqueror
10058,9,Shackle
10059,9,Decoy
10060,9,Shield
